experiment_version,silver_size,sample_seed,train_seed,use_class_weights,dry_run,macro_f1,cohen_kappa,class_collapse,metrics_file,agree_f1,agree_prediction_count,disagree_f1,disagree_prediction_count,question_f1,question_prediction_count,statement_f1,statement_prediction_count
legacy,500,legacy,42,True,False,0.2596989703844543,0.10617433939341359,True,silver_500_seed42_metrics.json,0.0,0,0.39631336405529954,72,0.3356643356643357,99,0.3068181818181818,129
legacy,500,legacy,123,True,False,0.3149518835378683,0.144985749762496,True,silver_500_seed123_metrics.json,0.0,0,0.6019417475728155,164,0.43564356435643564,57,0.2222222222222222,79
legacy,500,legacy,2026,True,False,0.294643648992691,0.12773706218245595,True,silver_500_seed2026_metrics.json,0.0,0,0.45643153526970953,96,0.4462809917355372,77,0.27586206896551724,127
legacy,1000,legacy,42,True,False,0.2049642949324615,0.05392156862745101,True,silver_1000_seed42_metrics.json,0.0,0,0.535593220338983,150,0.0,0,0.28426395939086296,150
legacy,1000,legacy,123,True,False,0.41840385732362306,0.28248134300116556,False,silver_1000_seed123_metrics.json,0.058823529411764705,4,0.5668016194331984,102,0.7226890756302521,75,0.3253012048192771,119
legacy,1000,legacy,2026,True,False,0.2090960845526169,0.07767650659774183,True,silver_1000_seed2026_metrics.json,0.0,0,0.21965317919075145,28,0.35802469135802467,118,0.25870646766169153,154
legacy,1500,legacy,42,True,False,0.4811504191881632,0.31903460415991103,False,silver_1500_seed42_metrics.json,0.425531914893617,30,0.59375,111,0.6614173228346457,83,0.24390243902439024,76
legacy,1500,legacy,123,True,False,0.40076896787423105,0.2621419676214196,True,silver_1500_seed123_metrics.json,0.0,0,0.5939849624060151,121,0.7090909090909091,66,0.3,113
legacy,1500,legacy,2026,True,False,0.3771492352997055,0.24030696539690877,True,silver_1500_seed2026_metrics.json,0.0,0,0.5747126436781609,116,0.6611570247933884,77,0.2727272727272727,107
legacy,2000,legacy,42,True,False,0.5343505627168069,0.3478671791317498,False,silver_2000_seed42_metrics.json,0.5132743362831859,49,0.5811320754716981,120,0.7572815533980582,59,0.2857142857142857,72
legacy,2000,legacy,123,True,False,0.5441081332406454,0.38852529498877364,False,silver_2000_seed123_metrics.json,0.3764705882352941,21,0.6498194945848376,132,0.7962962962962963,64,0.35384615384615387,83
legacy,2000,legacy,2026,True,False,0.5253667338430921,0.3589743589743589,False,silver_2000_seed2026_metrics.json,0.4752475247524752,37,0.6053639846743295,116,0.6956521739130435,71,0.3252032520325203,76
legacy,2500,legacy,42,True,False,0.5470544638430022,0.3595566860465117,False,silver_2500_seed42_metrics.json,0.5,36,0.5560165975103735,96,0.78,56,0.3522012578616352,112
legacy,2500,legacy,123,True,False,0.5806675688552342,0.4140625,False,silver_2500_seed123_metrics.json,0.5486725663716814,49,0.6444444444444445,125,0.7628865979381443,53,0.36666666666666664,73
legacy,2500,legacy,2026,True,False,0.565567616405898,0.3840678894059677,False,silver_2500_seed2026_metrics.json,0.6271186440677966,54,0.5394190871369294,96,0.7307692307692307,60,0.36496350364963503,90
legacy,3000,legacy,42,True,False,0.5270011686953814,0.3407086261025565,False,silver_3000_seed42_metrics.json,0.5306122448979592,34,0.5321888412017167,88,0.7222222222222222,64,0.32298136645962733,114
legacy,3000,legacy,123,True,False,0.5624163746153045,0.37446907097073134,False,silver_3000_seed123_metrics.json,0.6296296296296297,44,0.5533596837944664,108,0.6990291262135923,59,0.36764705882352944,89
legacy,3000,legacy,2026,True,False,0.575750126992363,0.39238392677685197,False,silver_3000_seed2026_metrics.json,0.6486486486486487,47,0.5691699604743083,108,0.6938775510204082,54,0.391304347826087,91
legacy,5000,legacy,42,True,False,0.5453906990991391,0.3750867935009027,False,silver_5000_seed42_metrics.json,0.4782608695652174,28,0.6196078431372549,110,0.7070707070707071,55,0.37662337662337664,107
legacy,5000,legacy,123,True,False,0.5716971620178809,0.3970133316583705,False,silver_5000_seed123_metrics.json,0.5849056603773585,42,0.6287878787878788,119,0.7422680412371134,53,0.3308270676691729,86
legacy,5000,legacy,2026,True,False,0.576865156883825,0.3894576581895012,False,silver_5000_seed2026_metrics.json,0.6037735849056604,42,0.5836575875486382,112,0.7628865979381443,53,0.35714285714285715,93
legacy,8000,legacy,42,True,False,0.5659845673213569,0.387303829734959,False,silver_8000_seed42_metrics.json,0.5773195876288659,33,0.5896414342629482,106,0.7128712871287128,57,0.3841059602649007,104
legacy,8000,legacy,123,True,False,0.5537569645801353,0.3723082562081921,False,silver_8000_seed123_metrics.json,0.5576923076923077,40,0.5853658536585366,101,0.7083333333333334,52,0.36363636363636365,107
legacy,8000,legacy,2026,True,False,0.5598487479489739,0.37913140174213866,False,silver_8000_seed2026_metrics.json,0.5544554455445545,37,0.5984251968503937,109,0.7216494845360825,53,0.36486486486486486,101
legacy,10000,legacy,42,True,False,0.5568582874215675,0.37250950396189253,False,silver_10000_seed42_metrics.json,0.5567010309278351,33,0.5748987854251012,102,0.7083333333333334,52,0.3875,113
legacy,10000,legacy,123,True,False,0.5660300104430934,0.3885900795292604,False,silver_10000_seed123_metrics.json,0.5319148936170213,30,0.6,105,0.7422680412371134,53,0.389937106918239,112
legacy,10000,legacy,2026,True,False,0.5325100990472152,0.34365533490407274,False,silver_10000_seed2026_metrics.json,0.4946236559139785,29,0.5863453815261044,104,0.7096774193548387,49,0.3393939393939394,118
v2_group_split,500,123,42,True,False,0.12422409676905938,0.0149080026601639,True,silver_500_sample123_train42_weights1_metrics.json,0.0,0,0.2185792349726776,38,0.0,0,0.2783171521035599,262
v2_group_split,500,123,123,True,False,0.24976580796252928,0.06497123626054813,True,silver_500_sample123_train123_weights1_metrics.json,0.0,0,0.5704918032786885,160,0.2077922077922078,33,0.22077922077922077,107
v2_group_split,500,123,2026,True,False,0.31775974569181864,0.10941071882143771,True,silver_500_sample123_train2026_weights1_metrics.json,0.0,0,0.5035971223021583,133,0.5348837209302325,42,0.23255813953488372,125
v2_group_split,500,42,42,True,False,0.11558612856540934,0.025126448033937043,True,silver_500_sample42_train42_weights1_metrics.json,0.0,0,0.17751479289940827,24,0.0,0,0.2848297213622291,276
v2_group_split,500,42,123,True,False,0.2258677383997077,0.09826826519110565,True,silver_500_sample42_train123_weights1_metrics.json,0.0,0,0.6211180124223602,177,0.0,0,0.2823529411764706,123
v2_group_split,500,42,2026,True,False,0.21807228915662652,0.056865946434154435,True,silver_500_sample42_train2026_weights1_metrics.json,0.0,0,0.572289156626506,187,0.0,0,0.3,113
v2_group_split,1000,123,42,True,False,0.5192568644368878,0.35370331037412384,False,silver_1000_sample123_train42_weights1_metrics.json,0.5263157894736842,31,0.5737704918032787,99,0.624,81,0.35294117647058826,89
v2_group_split,1000,123,123,True,False,0.36511473962930274,0.21705647461494582,True,silver_1000_sample123_train123_weights1_metrics.json,0.0,0,0.3786407766990291,61,0.7454545454545455,66,0.33636363636363636,173
v2_group_split,1000,123,2026,True,False,0.4179138002840585,0.2821463823168725,False,silver_1000_sample123_train2026_weights1_metrics.json,0.11764705882352941,4,0.5439330543933054,94,0.6507936507936508,82,0.3592814371257485,120
v2_group_split,1000,42,42,True,False,0.40587970617317504,0.2344311958095182,False,silver_1000_sample42_train42_weights1_metrics.json,0.1917808219178082,9,0.5254237288135594,91,0.5961538461538461,60,0.31016042780748665,140
v2_group_split,1000,42,123,True,False,0.36072616429149673,0.2418691588785047,True,silver_1000_sample42_train123_weights1_metrics.json,0.0,0,0.5583333333333333,95,0.60431654676259,95,0.2802547770700637,110
v2_group_split,1000,42,2026,True,False,0.3141868885885334,0.2005556421777771,True,silver_1000_sample42_train2026_weights1_metrics.json,0.0,0,0.4630541871921182,58,0.49032258064516127,111,0.30337078651685395,131
v2_group_split,1500,123,42,True,False,0.5166105166115331,0.35602575896964117,False,silver_1500_sample123_train42_weights1_metrics.json,0.36585365853658536,18,0.5928853754940712,108,0.7368421052631579,70,0.3708609271523179,104
v2_group_split,1500,123,123,True,False,0.5379683253688152,0.3717517578722104,False,silver_1500_sample123_train123_weights1_metrics.json,0.46808510638297873,30,0.5783132530120482,104,0.7457627118644068,74,0.3597122302158273,92
v2_group_split,1500,123,2026,True,False,0.5494617157566767,0.37755592975703633,False,silver_1500_sample123_train2026_weights1_metrics.json,0.4948453608247423,33,0.5654008438818565,92,0.7476635514018691,63,0.389937106918239,112
v2_group_split,1500,42,42,True,False,0.27669401817174555,0.13878133879017174,True,silver_1500_sample42_train42_weights1_metrics.json,0.0,0,0.5043478260869565,85,0.39263803680981596,119,0.2097902097902098,96
v2_group_split,1500,42,123,True,False,0.3670450217491531,0.23094220823026756,True,silver_1500_sample42_train123_weights1_metrics.json,0.0,0,0.5643153526970954,96,0.6260869565217392,71,0.2777777777777778,133
v2_group_split,1500,42,2026,True,False,0.56134786474464,0.39903669116672313,False,silver_1500_sample42_train2026_weights1_metrics.json,0.5688073394495413,45,0.5520361990950227,76,0.7321428571428571,68,0.3924050632911392,111
v2_group_split,2000,123,42,True,False,0.48881427432956065,0.2994291645044109,False,silver_2000_sample123_train42_weights1_metrics.json,0.45977011494252873,23,0.5461847389558233,104,0.6486486486486487,67,0.3006535947712418,106
v2_group_split,2000,123,123,True,False,0.5667739667739667,0.37992391336908005,False,silver_2000_sample123_train123_weights1_metrics.json,0.5858585858585859,35,0.5299145299145299,89,0.780952380952381,61,0.37037037037037035,115
v2_group_split,2000,123,2026,True,False,0.5437600491424813,0.3669844215315087,False,silver_2000_sample123_train2026_weights1_metrics.json,0.5,32,0.5470085470085471,89,0.7476635514018691,63,0.3803680981595092,116
v2_group_split,2000,42,42,False,False,0.4050797208223066,0.2720765532824798,True,silver_2000_sample42_train42_weights0_metrics.json,0.0,0,0.5967741935483871,103,0.651685393258427,45,0.37185929648241206,152
v2_group_split,2000,42,42,True,False,0.46173038443220576,0.3170176437108708,False,silver_2000_sample42_train42_weights1_metrics.json,0.14285714285714285,6,0.5690376569037657,94,0.75,60,0.3850267379679144,140
v2_group_split,2000,42,123,False,False,0.3916025790964657,0.2424825632419283,True,silver_2000_sample42_train123_weights0_metrics.json,0.0,0,0.5891472868217055,113,0.6352941176470588,41,0.34196891191709844,146
v2_group_split,2000,42,123,True,False,0.5201560652311416,0.3630860963049959,False,silver_2000_sample42_train123_weights1_metrics.json,0.48,36,0.5882352941176471,93,0.6935483870967742,80,0.3188405797101449,91
v2_group_split,2000,42,2026,False,False,0.41082674862545326,0.2711744201837907,True,silver_2000_sample42_train2026_weights0_metrics.json,0.0,0,0.563265306122449,100,0.7326732673267327,57,0.3473684210526316,143
v2_group_split,2000,42,2026,True,False,0.3873813414254591,0.25330678424121744,True,silver_2000_sample42_train2026_weights1_metrics.json,0.0,0,0.45098039215686275,59,0.7592592592592593,64,0.3392857142857143,177
v2_group_split,2500,123,42,True,False,0.5945963694546561,0.43303280974068226,False,silver_2500_sample123_train42_weights1_metrics.json,0.6213592233009708,39,0.6171875,111,0.7155963302752294,65,0.42424242424242425,85
v2_group_split,2500,123,123,True,False,0.5686511900797615,0.3865592382347556,False,silver_2500_sample123_train123_weights1_metrics.json,0.6111111111111112,44,0.5551020408163265,100,0.7307692307692307,60,0.3776223776223776,96
v2_group_split,2500,123,2026,True,False,0.5814635921958098,0.40144198068290027,False,silver_2500_sample123_train2026_weights1_metrics.json,0.5904761904761905,41,0.5523012552301255,94,0.76,56,0.4230769230769231,109
v2_group_split,2500,42,42,True,False,0.5566769689689024,0.3854138213602841,False,silver_2500_sample42_train42_weights1_metrics.json,0.5714285714285714,41,0.5785123966942148,97,0.7387387387387387,67,0.3380281690140845,95
v2_group_split,2500,42,123,True,False,0.591020558384622,0.4314969053258959,False,silver_2500_sample42_train123_weights1_metrics.json,0.6055045871559633,45,0.6097560975609756,101,0.7636363636363637,66,0.3851851851851852,88
v2_group_split,2500,42,2026,True,False,0.4814844877344877,0.34291457889525634,False,silver_2500_sample42_train2026_weights1_metrics.json,0.19444444444444445,8,0.6,95,0.7678571428571429,68,0.36363636363636365,129
v2_group_split,5000,123,42,True,False,0.48265633211869774,0.2960047527105303,False,silver_5000_sample123_train42_weights1_metrics.json,0.32098765432098764,17,0.5194805194805194,86,0.7311827956989247,49,0.358974358974359,148
v2_group_split,5000,123,123,True,False,0.5329397853374569,0.34333675502687033,False,silver_5000_sample123_train123_weights1_metrics.json,0.56,36,0.5439330543933054,94,0.68,56,0.34782608695652173,114
v2_group_split,5000,123,2026,True,False,0.5972427497314715,0.419889502762431,False,silver_5000_sample123_train2026_weights1_metrics.json,0.58,36,0.592,105,0.7959183673469388,54,0.42105263157894735,105
v2_group_split,5000,42,42,True,False,0.5823880221497085,0.40867877611668735,False,silver_5000_sample42_train42_weights1_metrics.json,0.5742574257425742,37,0.5702479338842975,97,0.7850467289719626,63,0.4,103
v2_group_split,5000,42,123,True,False,0.5928069065478693,0.43100995732574676,False,silver_5000_sample42_train123_weights1_metrics.json,0.6037735849056604,42,0.6153846153846154,102,0.7663551401869159,63,0.38571428571428573,93
v2_group_split,5000,42,2026,True,False,0.593551846250819,0.414164827662851,False,silver_5000_sample42_train2026_weights1_metrics.json,0.6138613861386139,37,0.6176470588235294,127,0.7551020408163265,54,0.3875968992248062,82
v2_group_split,8000,123,42,True,False,0.5740409759317322,0.3970967891539259,False,silver_8000_sample123_train42_weights1_metrics.json,0.5656565656565656,35,0.6039215686274509,110,0.7346938775510204,54,0.3918918918918919,101
v2_group_split,8000,123,123,True,False,0.5551425779933966,0.3697962187773126,False,silver_8000_sample123_train123_weights1_metrics.json,0.5567010309278351,33,0.584,105,0.74,56,0.33986928104575165,106
v2_group_split,8000,123,2026,True,False,0.5518076348738369,0.36882546652030734,False,silver_8000_sample123_train2026_weights1_metrics.json,0.5510204081632653,34,0.5772357723577236,101,0.72,56,0.358974358974359,109
v2_group_split,8000,42,42,True,False,0.5751173433436996,0.39518879507662463,False,silver_8000_sample42_train42_weights1_metrics.json,0.5769230769230769,40,0.5809128630705395,96,0.7628865979381443,53,0.379746835443038,111
v2_group_split,8000,42,123,True,False,0.5653825382538253,0.3875295490129863,False,silver_8000_sample42_train123_weights1_metrics.json,0.5742574257425742,37,0.6,105,0.7272727272727273,55,0.36,103
v2_group_split,8000,42,2026,True,False,0.5841818648148058,0.41811749371566886,False,silver_8000_sample42_train2026_weights1_metrics.json,0.5686274509803921,38,0.622568093385214,112,0.72,56,0.425531914893617,94
v2_group_split,10000,42,42,True,False,0.46560115732682983,0.313800239625313,False,silver_10000_sample42_train42_weights1_metrics.json,0.25316455696202533,15,0.6387832699619772,118,0.6415094339622641,62,0.32894736842105265,105
v2_group_split,10000,42,123,True,False,0.5455188498698196,0.3577213068975147,False,silver_10000_sample42_train123_weights1_metrics.json,0.5263157894736842,31,0.5813953488372093,113,0.7010309278350515,53,0.37333333333333335,103
v2_group_split,10000,42,2026,True,False,0.5284219993743662,0.3312589978173037,False,silver_10000_sample42_train2026_weights1_metrics.json,0.5154639175257731,33,0.578125,111,0.6888888888888889,46,0.33121019108280253,110
