strategy,predicted_as,seed,Parent,Reply,word_count,negation_rate,hedge_rate
B,statement,42,"I posted some stats from my state's child protective services report. One statistic they track is re-occurrence of maltreatment.  They show less than 3 percent of cases of maltreatment have a subsequent event after CPS intervenes over a 6 month period, and less than 5 percent have a subsequent event over a 12 month period. 

Has it occurred that what you see as ""doing nothing"" may in fact be doing something? Many parents simply need some education or resources and CPS provides those things. Some just need to be reminded that someone is watching, and they change. 

You are judging them by way of anecdotes. Go look at your state's report. My state includes measures against national averages. I'm willing to bet your state does as well. Go look at the data for what they do, and then argue that they are ineffective from a statistical basis. 

To my mind, an annual 5% recurrence rate after intervention is good evidence that they are anything but useless.",Reoccurrence has to be detected to be tracked.,8,0.0,0.0
B,statement,42,Afghanistan was to prevent a second.  If you recall the demand was simple: turn over bin laden or else.,"Ah yes, which explains why we eventually captured bin Laden in Afghanistan. Oh wait",14,0.0,0.0
B,statement,42,"With the minimum replacement rate standing at 2.1 babies per woman, and the current birth rates of many nations being as low as 1.3 this leads to an ageing population that produces many ill effects for the countries and their economies.

The most obvious problem is the funding of the social services. With more old people needing pensions and healthcare and with less young people to finance that, the system will inevitably collapse.

There are two solutions that I know of. Increased immigration to close the gap and ways to encourage couples to have more kids through tax breaks and the like. The other one that I heard being touted is that very soon, we will be living in a post scarcity society, and that population decrease will not have any consequences, but I don't believe that it is feasible.

_____

&gt; *Hello, users of CMV! This is a footnote from your moderators. We'd just like to remind you of a couple of things. Firstly, please remember to* ***[read through our rules](http://www.reddit.com/r/changemyview/wiki/rules)***. *If you see a comment that has broken one, it is more effective to report it than downvote it. Speaking of which,* ***[downvotes don't change views](http://www.reddit.com/r/changemyview/wiki/guidelines#wiki_upvoting.2Fdownvoting)****! If you are thinking about submitting a CMV yourself, please have a look through our* ***[popular topics wiki](http://www.reddit.com/r/changemyview/wiki/populartopics)*** *first. Any questions or concerns? Feel free to* ***[message us](http://www.reddit.com/message/compose?to=/r/changemyview)***. *Happy CMVing!*","Consider this: if this effect did not occur, we would be heading towards a Malthusian catastrophe.",16,0.0625,0.0
B,statement,42,"So i live in Norway, and we have been receiving a lot of middle eastern immigrants over the last 10 years because of various reasons like conflicts in their native country. It seems like we are bending over backwards to make these people feel at home instead of making them integrate. You can't have christmas trees in kindergardens any longer and you can't serve pork in some schools either. Shouldn't we tell them that if they want to live here they have to follow our rules and not the opposite? I'm not saying that they can't me muslim, but that doesn't mean that we have to cater to their needs. If they want to live in a society that matches their expectations then why don't they go to a muslim country instead? I don't see myself as xenophobic, but i do believe that any immigrants who come here has to integrate into our culture.","There is no such thing as cultural decay, only change. An exception being the Tartars, who the Mongols wiped off of the face of the planet.",26,0.038461538461538464,0.0
B,statement,42,"Marketing can influence attitudes and opinions, but a lot of this mindset starts at home. 

I don't think it matters who controls the ad agencies, record labels etc, black people still have that mindset that if I rap and act ignorantly enough. Then maybe I'll make it. Other times, it's not an act. We look look at gritty street rappers like Gucci Mane or Chief Keef. People idolize them, their works, their story about violence, not the industry itself. All white business men have to do is sit back and let blacks perpetuate. They may have planted the seed but it doesn't mean that blacks have to allow it to grow.",And the majority of people who buy those records are white,11,0.0,0.0
B,question,42,"Tricky, tricky. I believe there is one objective truth: that there are no other objective truths","But that's dumb.  What about basic maths?  (2+2=4, for instance)",9,0.0,0.1111111111111111
B,question,42,So you're a supporter of the wbc?,where did I say that?,5,0.0,0.0
B,question,42,"This type of post has probably already been made a handful of times but I wanted to include some of my own thoughts. I live in the UK, so I have grown up in a country that does provide universal healthcare. I firmly believe in this model from an ethical and social standpoint.

I've recently started reading the book Freakonomics. I wanted to see some discussions of the book on reddit, and I came across an AmA of the author, Steven Levitt. Somebody asked him his views on universal healthcare, to which he replied;

'I'm not so sure about universal healthcare.

what i think we really need is for people to pay a big chunk of their own health care costs so the whole system starts to act more like a market and less like an entitlement.  when health care is 20% of GDP, we can't treat it like an all you can eat buffet.'

Now, I'm not ranting or saying I flat out disagree with his statement factually, because I do not know enough about financial economics to do so, but as somebody who believes universal healthcare ""should"" be a human right, or 'entitlement' as Steven Levitt has put it, I struggle to understand how humanity as a whole would benefit from persisting with privatised health care. 

Essentially, to change my view, I would need to be convinced that privatised health care actually does have longstanding benefits for humanity, and not just for the 'economy'. Perhaps sustaining the economy and longevity of humanity come hand in hand, but I've always felt privatised health care primarily serves the rich who own it, and to deny healthcare to somebody who cannot afford it seems outright inhumane  to me. Perhaps somebody could show me privatised healthcare actually does benefit humanity as a whole, and not just a small percentage. 

EDIT: I was asked to link the post that 'changed my view' the most, so here it is. 

http://www.reddit.com/r/changemyview/comments/2wzag2/cmv_i_believe_universal_healthcare_should_be_a/covh1ws

Here is the post that I awarded a 'delta' quite early on. Admittedly I perhaps could have been more involved in the thread but I was quite literally overwhelmed with the amount of replies, to the point that the same types of responses were pouring through, deeming it almost impossible to identify which further posts would be deserving of another delta. 

Although my view is not changed in that I still believe as a society we should work towards everybody having 'free' access to basic healthcare, I am now aware of the implications of a 'human right', and how that could have serious adverse effects. 

I'm sorry if I was not totally compliant with the rules of the thread, but overall I see it as a success as it made me see things in a different perspective, and perhaps others have learnt from it as much I have.

Thank you for all of your replies.","What about procedures that cost $10ks, $100ks? Others should still have to foot the bill then?",16,0.0,0.0625
B,question,42,That is [definitely not](http://en.wikipedia.org/wiki/Race_(human_classification) what race is. If that were the case it would be impossible to have problems with racism within individual regions.,"No, but race can be classified in that way?",9,0.1111111111111111,0.1111111111111111
B,question,42,"The two options *are* up for discussion! So what about the repercussions of the third choice you're proposing? Child being angry to the dad, dad never meeting the child, and so on.","Errr, I'm pretty sure most children would have chosen to be born and not meet their dad than not being born at all?",23,0.08695652173913043,0.0
B,agree,42,But why not? You have disagreed but given no reason.,"I did. If you open a business to serve the public, it has to serve the public. You can't just pick and choose the demographics you will serve.",28,0.03571428571428571,0.0
B,agree,42,"It's not as clear of a message as you would think. You could be an asshole. You could be cheap. You could have forgotten to tip. Or, you could be trying to make a point. People tend to be defensive, and most people in customer service hate their customers, so I would daresay that your message is one of the less likely interpretations.","&gt; I would daresay that your message is one of the less likely interpretations.

Having been a server, I disagree.",20,0.0,0.0
B,agree,42,"Alright, just because google says ""did you mean"" does not mean the term is not sound. Up and most are two legitimate words and when put together form a legitimate phrase. Google is not a source for sound information. It is a search engine. This wasn't even worth replying to. Did not change my view.","Canadian here. I have literally *never* heard ""upmost"" used in place of ""utmost"". Everyone would look at you funny and think you're retarded.",23,0.043478260869565216,0.0
B,agree,42,"A more appropriate analogy would be would you like me to lock you in a moderately sized house as close to what you're used to as possible, provide food and medical care and entertainment at no cost, and you never have to worry about providing for yourself or protecting yourself and in exchange people get to watch you go about your normal daily routine.

As a zookeeper, I really believe that our animals have it made. They live better than most people on the Earth. As humans we tend to anthropomorphize them all and think about how bored we would be just sitting there all day, but animals don't work that way. Even in the wild, most of them are just gonna sit there all day except for when they're trying to avoid starving to death or getting preyed upon or freezing to death or any other number of ways that they die in nature.","i would rather sit there all day because i choose to, rather than because i have to",17,0.0,0.0
B,agree,42,"It seems that a lot of the problems America faces could be solved by dividing into a number of separate smaller countries, each with their own governing system.

It seems that America needs to become...Europe?","Yes, because Europe is so much better off",8,0.0,0.0
C,question,42,"I posted some stats from my state's child protective services report. One statistic they track is re-occurrence of maltreatment.  They show less than 3 percent of cases of maltreatment have a subsequent event after CPS intervenes over a 6 month period, and less than 5 percent have a subsequent event over a 12 month period. 

Has it occurred that what you see as ""doing nothing"" may in fact be doing something? Many parents simply need some education or resources and CPS provides those things. Some just need to be reminded that someone is watching, and they change. 

You are judging them by way of anecdotes. Go look at your state's report. My state includes measures against national averages. I'm willing to bet your state does as well. Go look at the data for what they do, and then argue that they are ineffective from a statistical basis. 

To my mind, an annual 5% recurrence rate after intervention is good evidence that they are anything but useless.",Reoccurrence has to be detected to be tracked.,8,0.0,0.0
C,question,42,So you're a supporter of the wbc?,where did I say that?,5,0.0,0.0
C,question,42,"This type of post has probably already been made a handful of times but I wanted to include some of my own thoughts. I live in the UK, so I have grown up in a country that does provide universal healthcare. I firmly believe in this model from an ethical and social standpoint.

I've recently started reading the book Freakonomics. I wanted to see some discussions of the book on reddit, and I came across an AmA of the author, Steven Levitt. Somebody asked him his views on universal healthcare, to which he replied;

'I'm not so sure about universal healthcare.

what i think we really need is for people to pay a big chunk of their own health care costs so the whole system starts to act more like a market and less like an entitlement.  when health care is 20% of GDP, we can't treat it like an all you can eat buffet.'

Now, I'm not ranting or saying I flat out disagree with his statement factually, because I do not know enough about financial economics to do so, but as somebody who believes universal healthcare ""should"" be a human right, or 'entitlement' as Steven Levitt has put it, I struggle to understand how humanity as a whole would benefit from persisting with privatised health care. 

Essentially, to change my view, I would need to be convinced that privatised health care actually does have longstanding benefits for humanity, and not just for the 'economy'. Perhaps sustaining the economy and longevity of humanity come hand in hand, but I've always felt privatised health care primarily serves the rich who own it, and to deny healthcare to somebody who cannot afford it seems outright inhumane  to me. Perhaps somebody could show me privatised healthcare actually does benefit humanity as a whole, and not just a small percentage. 

EDIT: I was asked to link the post that 'changed my view' the most, so here it is. 

http://www.reddit.com/r/changemyview/comments/2wzag2/cmv_i_believe_universal_healthcare_should_be_a/covh1ws

Here is the post that I awarded a 'delta' quite early on. Admittedly I perhaps could have been more involved in the thread but I was quite literally overwhelmed with the amount of replies, to the point that the same types of responses were pouring through, deeming it almost impossible to identify which further posts would be deserving of another delta. 

Although my view is not changed in that I still believe as a society we should work towards everybody having 'free' access to basic healthcare, I am now aware of the implications of a 'human right', and how that could have serious adverse effects. 

I'm sorry if I was not totally compliant with the rules of the thread, but overall I see it as a success as it made me see things in a different perspective, and perhaps others have learnt from it as much I have.

Thank you for all of your replies.","What about procedures that cost $10ks, $100ks? Others should still have to foot the bill then?",16,0.0,0.0625
C,question,42,That is [definitely not](http://en.wikipedia.org/wiki/Race_(human_classification) what race is. If that were the case it would be impossible to have problems with racism within individual regions.,"No, but race can be classified in that way?",9,0.1111111111111111,0.1111111111111111
C,question,42,"&gt; ...In a way that is worse than they are used to being treated

That's a horrible definition. Slavery wasn't racism because it was an established social norm that people are used to?",You misquoted the definition,4,0.0,0.0
C,agree,42,"Tricky, tricky. I believe there is one objective truth: that there are no other objective truths","But that's dumb.  What about basic maths?  (2+2=4, for instance)",9,0.0,0.1111111111111111
C,agree,42,The OP is making the argument that STV got 95/100 and all other systems got &lt;=94/100.,"No, he fails to address criteria STV fails.",8,0.125,0.0
C,agree,42,"So your CMV is about whether it gets the title of ""SI unit"" or not?

google ""definition of a volt"":

&gt;the SI unit of electromotive force, the difference of potential that would drive one ampere of current against one ohm resistance.

wiki volt:

&gt; Additionally, it is the potential difference between two points that will impart one joule of energy per coulomb of charge that passes through it

happy?","No no, we all agree that a volt is an SI unit. OP is arguing that it should be an SI *base* unit.",23,0.08695652173913043,0.0
C,agree,42,"With the minimum replacement rate standing at 2.1 babies per woman, and the current birth rates of many nations being as low as 1.3 this leads to an ageing population that produces many ill effects for the countries and their economies.

The most obvious problem is the funding of the social services. With more old people needing pensions and healthcare and with less young people to finance that, the system will inevitably collapse.

There are two solutions that I know of. Increased immigration to close the gap and ways to encourage couples to have more kids through tax breaks and the like. The other one that I heard being touted is that very soon, we will be living in a post scarcity society, and that population decrease will not have any consequences, but I don't believe that it is feasible.

_____

&gt; *Hello, users of CMV! This is a footnote from your moderators. We'd just like to remind you of a couple of things. Firstly, please remember to* ***[read through our rules](http://www.reddit.com/r/changemyview/wiki/rules)***. *If you see a comment that has broken one, it is more effective to report it than downvote it. Speaking of which,* ***[downvotes don't change views](http://www.reddit.com/r/changemyview/wiki/guidelines#wiki_upvoting.2Fdownvoting)****! If you are thinking about submitting a CMV yourself, please have a look through our* ***[popular topics wiki](http://www.reddit.com/r/changemyview/wiki/populartopics)*** *first. Any questions or concerns? Feel free to* ***[message us](http://www.reddit.com/message/compose?to=/r/changemyview)***. *Happy CMVing!*","Consider this: if this effect did not occur, we would be heading towards a Malthusian catastrophe.",16,0.0625,0.0
C,agree,42,"It's not as clear of a message as you would think. You could be an asshole. You could be cheap. You could have forgotten to tip. Or, you could be trying to make a point. People tend to be defensive, and most people in customer service hate their customers, so I would daresay that your message is one of the less likely interpretations.","&gt; I would daresay that your message is one of the less likely interpretations.

Having been a server, I disagree.",20,0.0,0.0
C,statement,42,"So is the appropriate answer for women to never go to parties, lest someone grabs their boob?",You're not contributing to the discussion with your absurd over-simplifications.,11,0.09090909090909091,0.0
C,statement,42,"If you want to go into the moral side.

The guy he punched said he just wants to get back to filming Top Gear.

With Jeremy fired, and May/Hammond's contracts coming up in a month, there will be no Top Gear.

So essentially, the victim got fired against his own wishes because he got punched.","He's a senior producer with the BBC, he hasn't lost his job even if Top Gear doesn't continue production.",19,0.10526315789473684,0.0
C,statement,42,On reddit anyone that is pro-life has no other reason than hating women apparently.,"It kind of is just to punish people.  ""We're going to tell other people what to do with their bodies!  Because we can!""",23,0.0,0.0
C,statement,42,Back seat/vans/suvs,All of those are at more of an angle than unreclined airline seats.,13,0.0,0.0
C,statement,42,"Your two conclusions contradict each other. If someone is asking for their opinion to be changed, and their opinion is something the hivemind agrees with, shouldn't we be supportive of them for going against the mainstream? Upvoting those posts seems like the opposite of a circlejerk.",We see the same posts time and time again: evidently it doesn't work.,13,0.07692307692307693,0.0
