row_id,Parent,Reply,gold_label,pred_label,raw_output,fallback_used
0,"New question, do you believe AHA will fix this?",I don't know what AHA stands for. I'm afraid I can't answer that.,statement,question,question,False
1,"Check out [this video](http://www.ted.com/talks/christopher_ryan_are_we_designed_to_be_sexual_omnivores) that conveys a theory on how monogamy is not really as ingrained in us as most people think it is. There are theories that claim we (and by we I mean men) invented monogamy after coming up with agriculture to insure property inheritance (how do I know which one's my kid if she's fucking the whole town? who the hell gets my house then after I die?)

Then you consider the fact that [monogamy wasn't really required for dudes up until like 60 years ago](https://www.youtube.com/watch?v=w8SOQEitsJI). Instead of choosing to let women behave like men, we chose to lock ourselves up in monogamy along with them. 6O years ago.

Long story short: monogamy seems to be (to some people) a social construct that has no relevance today since getting pregnant is hard and abortions are legal in most developed places.

Like others have said, it's impossible to find someone that fulfils your every need. And the fact that recent adultery rates are always high sounds like human reality is trying to make us understand that monogamy doesn't really make sense.","Which perfectly explains Socrates statement: ""By all means, marry. If you get a good wife, you'll become happy; if you get a bad one, you'll become a philosopher.""",statement,question,question,False
2,"I *hate* the idea of the ""good old days"". I am a firm believer that art, culture, quality of life in general have been on a steady incline for a long time, I would not trade places with anyone from any time, even with everything that's screwed up right now.

So when I hear people start bitching about how much better popular music used to be, even bubblegum crowd-pleasing schlock, a part of me really wants to come to the defense of this decade, but I can't because I agree with them.

Someone, please, tell me I'm wrong (no sarc).

Edit: I've been asked to explain why I feel this way: 


The degree to which, and number of ways in which it is repetitive is unprecedented. After listening to top 40 radio for half an hour, you will hear the same percussion, same synth patches, same lyrical content, same melodic contour, same, drop, same lazily implemented auto-tune. 

Within each song, you will hear the same phrase repeated over and over. Because these songs are mixed for earbuds, they will have the same dynamic level throughout the whole song, absolutely no variety whatsoever. It is increasingly trendy to take a phrase that is repeated, then repeat only a word, and then finally to repeat a single syllable within that word 

*""I'm drowning, I'm drowning, I'm drowning, ing, ing, ing, ing""*

It is incessant, it is unvarying, it is monotonous, it is positively nauseating. 

Edit: Would really love to post a delta today. I'm trying really hard to keep an open mind here.",You need to lay out the reasons why you don't like pop music today.,statement,question,question,False
3,"The problem with this is it would inevitably lead to disputes, arguments, or customers trying to void items they've already scanned.  All of this would take time and slow down the line, so it would be counterproductive.

Also, I'm not sure if there's a need for such a plan.  Are one or two extra items in the express lane really putting a significant, quantifiable burden on other customers?",It would at first until it became common knowledge.,statement,question,question,False
4,"Just to clarify, ""national debt"", and the panic surrounding it are out of proportion. That number doesn't mean a whole lot in the grand scheme of things with the way the world economy works today.","I agree to an extent, but debt isn't something you can just ignore, especially if your asking for an expansion the size OP wants.",disagree,question,question,False
